<?xml version="1.0" encoding="UTF-8"?>
<project-private xmlns="http://www.netbeans.org/ns/project-private/1">
    <editor-bookmarks xmlns="http://www.netbeans.org/ns/editor-bookmarks/2" lastBookmarkId="0"/>
    <open-files xmlns="http://www.netbeans.org/ns/projectui-open-files/2">
        <group>
            <file>file:/E:/Documenten/Periode%201/Programeren/Praktijk_toets/src/praktijk_toets/terms.java</file>
            <file>file:/E:/Documenten/Periode%201/Programeren/Praktijk_toets/src/praktijk_toets/Praktijk_toets.java</file>
        </group>
    </open-files>
</project-private>
